,,s,s,s
Time Step,Wall Time,Step Size,Simulation Time,CPU Time
       1,2026-08-26T00:33:05.547+08:00, 0.399E-02, 0.0039916, 0.45312E+00
       2,2026-08-26T00:33:05.591+08:00, 0.399E-02, 0.0079832, 0.48438E+00
       3,2026-08-26T00:33:05.630+08:00, 0.399E-02, 0.0119749, 0.51562E+00
       4,2026-08-26T00:33:05.672+08:00, 0.399E-02, 0.0159665, 0.56250E+00
       5,2026-08-26T00:33:05.723+08:00, 0.399E-02, 0.0199581, 0.60938E+00
       6,2026-08-26T00:33:05.769+08:00, 0.399E-02, 0.0239497, 0.65625E+00
       7,2026-08-26T00:33:05.812+08:00, 0.399E-02, 0.0279414, 0.70312E+00
       8,2026-08-26T00:33:05.856+08:00, 0.399E-02, 0.0319330, 0.75000E+00
       9,2026-08-26T00:33:05.902+08:00, 0.399E-02, 0.0359246, 0.79688E+00
      10,2026-08-26T00:33:05.941+08:00, 0.399E-02, 0.0399162, 0.82812E+00
      13,2026-08-26T00:33:06.069+08:00, 0.210E-02, 0.0500000, 0.95312E+00
